-19,11,yKhx8RiW89mxDuCuDANhBy9/TDI=,fJ+n9rnaOp2UXWI4UyIHfG2DJtI=
-20,11,yKhx8RiW89mxDuCuDANhBy9/TDI=,fJ+n9rnaOp2UXWI4UyIHfG2DJtI=
-19,15,yKhx8RiW89mxDuCuDANhBy9/TDI=,vlg9gDbf/FJSdrVYT7GAq1BUHGM=
-20,15,yKhx8RiW89mxDuCuDANhBy9/TDI=,vlg9gDbf/FJSdrVYT7GAq1BUHGM=
-21,15,yKhx8RiW89mxDuCuDANhBy9/TDI=,se4TZLuvGWmSUOKjsdW0lT/EN2s=
-22,15,yKhx8RiW89mxDuCuDANhBy9/TDI=,se4TZLuvGWmSUOKjsdW0lT/EN2s=
-21,11,yKhx8RiW89mxDuCuDANhBy9/TDI=,mCaieXYWV0sD90AQUnhjbpLgiUQ=
-21,10,yKhx8RiW89mxDuCuDANhBy9/TDI=,mCaieXYWV0sD90AQUnhjbpLgiUQ=
-22,10,yKhx8RiW89mxDuCuDANhBy9/TDI=,mCaieXYWV0sD90AQUnhjbpLgiUQ=
-19,10,yKhx8RiW89mxDuCuDANhBy9/TDI=,fJ+n9rnaOp2UXWI4UyIHfG2DJtI=
-20,10,yKhx8RiW89mxDuCuDANhBy9/TDI=,fJ+n9rnaOp2UXWI4UyIHfG2DJtI=
-21,14,yKhx8RiW89mxDuCuDANhBy9/TDI=,se4TZLuvGWmSUOKjsdW0lT/EN2s=
-22,14,yKhx8RiW89mxDuCuDANhBy9/TDI=,se4TZLuvGWmSUOKjsdW0lT/EN2s=
-21,13,yKhx8RiW89mxDuCuDANhBy9/TDI=,se4TZLuvGWmSUOKjsdW0lT/EN2s=
-20,13,yKhx8RiW89mxDuCuDANhBy9/TDI=,vlg9gDbf/FJSdrVYT7GAq1BUHGM=
-19,12,yKhx8RiW89mxDuCuDANhBy9/TDI=,vlg9gDbf/FJSdrVYT7GAq1BUHGM=
-21,12,yKhx8RiW89mxDuCuDANhBy9/TDI=,se4TZLuvGWmSUOKjsdW0lT/EN2s=
-22,11,yKhx8RiW89mxDuCuDANhBy9/TDI=,mCaieXYWV0sD90AQUnhjbpLgiUQ=
-22,13,yKhx8RiW89mxDuCuDANhBy9/TDI=,se4TZLuvGWmSUOKjsdW0lT/EN2s=
-19,14,yKhx8RiW89mxDuCuDANhBy9/TDI=,vlg9gDbf/FJSdrVYT7GAq1BUHGM=
-20,14,yKhx8RiW89mxDuCuDANhBy9/TDI=,vlg9gDbf/FJSdrVYT7GAq1BUHGM=
-22,12,yKhx8RiW89mxDuCuDANhBy9/TDI=,se4TZLuvGWmSUOKjsdW0lT/EN2s=
-20,12,yKhx8RiW89mxDuCuDANhBy9/TDI=,vlg9gDbf/FJSdrVYT7GAq1BUHGM=
-19,13,yKhx8RiW89mxDuCuDANhBy9/TDI=,vlg9gDbf/FJSdrVYT7GAq1BUHGM=
-17,11,yKhx8RiW89mxDuCuDANhBy9/TDI=,fJ+n9rnaOp2UXWI4UyIHfG2DJtI=
-18,11,yKhx8RiW89mxDuCuDANhBy9/TDI=,fJ+n9rnaOp2UXWI4UyIHfG2DJtI=
-17,12,yKhx8RiW89mxDuCuDANhBy9/TDI=,vlg9gDbf/FJSdrVYT7GAq1BUHGM=
-17,10,yKhx8RiW89mxDuCuDANhBy9/TDI=,fJ+n9rnaOp2UXWI4UyIHfG2DJtI=
-18,10,yKhx8RiW89mxDuCuDANhBy9/TDI=,fJ+n9rnaOp2UXWI4UyIHfG2DJtI=
-18,12,yKhx8RiW89mxDuCuDANhBy9/TDI=,vlg9gDbf/FJSdrVYT7GAq1BUHGM=
-17,13,yKhx8RiW89mxDuCuDANhBy9/TDI=,vlg9gDbf/FJSdrVYT7GAq1BUHGM=
-18,13,yKhx8RiW89mxDuCuDANhBy9/TDI=,vlg9gDbf/FJSdrVYT7GAq1BUHGM=
-17,15,yKhx8RiW89mxDuCuDANhBy9/TDI=,vlg9gDbf/FJSdrVYT7GAq1BUHGM=
-18,15,yKhx8RiW89mxDuCuDANhBy9/TDI=,vlg9gDbf/FJSdrVYT7GAq1BUHGM=
-18,14,yKhx8RiW89mxDuCuDANhBy9/TDI=,vlg9gDbf/FJSdrVYT7GAq1BUHGM=
-17,14,yKhx8RiW89mxDuCuDANhBy9/TDI=,vlg9gDbf/FJSdrVYT7GAq1BUHGM=
-26,13,yKhx8RiW89mxDuCuDANhBy9/TDI=,QEEidkZdAS3aG4DPEHMG4tAqffQ=
-25,13,yKhx8RiW89mxDuCuDANhBy9/TDI=,QEEidkZdAS3aG4DPEHMG4tAqffQ=
-24,13,yKhx8RiW89mxDuCuDANhBy9/TDI=,se4TZLuvGWmSUOKjsdW0lT/EN2s=
-23,13,yKhx8RiW89mxDuCuDANhBy9/TDI=,se4TZLuvGWmSUOKjsdW0lT/EN2s=
-25,11,yKhx8RiW89mxDuCuDANhBy9/TDI=,deTYL1WhCm9zFhfNiZK4Dp/nqXs=
-25,15,yKhx8RiW89mxDuCuDANhBy9/TDI=,QEEidkZdAS3aG4DPEHMG4tAqffQ=
-26,15,yKhx8RiW89mxDuCuDANhBy9/TDI=,QEEidkZdAS3aG4DPEHMG4tAqffQ=
-26,11,yKhx8RiW89mxDuCuDANhBy9/TDI=,deTYL1WhCm9zFhfNiZK4Dp/nqXs=
-25,10,yKhx8RiW89mxDuCuDANhBy9/TDI=,deTYL1WhCm9zFhfNiZK4Dp/nqXs=
-26,10,yKhx8RiW89mxDuCuDANhBy9/TDI=,deTYL1WhCm9zFhfNiZK4Dp/nqXs=
-24,12,yKhx8RiW89mxDuCuDANhBy9/TDI=,se4TZLuvGWmSUOKjsdW0lT/EN2s=
-23,12,yKhx8RiW89mxDuCuDANhBy9/TDI=,se4TZLuvGWmSUOKjsdW0lT/EN2s=
-24,11,yKhx8RiW89mxDuCuDANhBy9/TDI=,mCaieXYWV0sD90AQUnhjbpLgiUQ=
-25,14,yKhx8RiW89mxDuCuDANhBy9/TDI=,QEEidkZdAS3aG4DPEHMG4tAqffQ=
-26,14,yKhx8RiW89mxDuCuDANhBy9/TDI=,QEEidkZdAS3aG4DPEHMG4tAqffQ=
-23,15,yKhx8RiW89mxDuCuDANhBy9/TDI=,se4TZLuvGWmSUOKjsdW0lT/EN2s=
-24,15,yKhx8RiW89mxDuCuDANhBy9/TDI=,se4TZLuvGWmSUOKjsdW0lT/EN2s=
-23,10,yKhx8RiW89mxDuCuDANhBy9/TDI=,mCaieXYWV0sD90AQUnhjbpLgiUQ=
-24,10,yKhx8RiW89mxDuCuDANhBy9/TDI=,mCaieXYWV0sD90AQUnhjbpLgiUQ=
-23,14,yKhx8RiW89mxDuCuDANhBy9/TDI=,se4TZLuvGWmSUOKjsdW0lT/EN2s=
-23,11,yKhx8RiW89mxDuCuDANhBy9/TDI=,mCaieXYWV0sD90AQUnhjbpLgiUQ=
-24,14,yKhx8RiW89mxDuCuDANhBy9/TDI=,se4TZLuvGWmSUOKjsdW0lT/EN2s=
-25,12,yKhx8RiW89mxDuCuDANhBy9/TDI=,QEEidkZdAS3aG4DPEHMG4tAqffQ=
-26,12,yKhx8RiW89mxDuCuDANhBy9/TDI=,QEEidkZdAS3aG4DPEHMG4tAqffQ=
-32,12,yKhx8RiW89mxDuCuDANhBy9/TDI=,VzHmXLG2gxCQ9MONH1ageaHUEDI=
-29,10,yKhx8RiW89mxDuCuDANhBy9/TDI=,PlTfPJJvailolg0q7xAoBirMzcU=
-30,10,yKhx8RiW89mxDuCuDANhBy9/TDI=,PlTfPJJvailolg0q7xAoBirMzcU=
-29,15,yKhx8RiW89mxDuCuDANhBy9/TDI=,VzHmXLG2gxCQ9MONH1ageaHUEDI=
-30,15,yKhx8RiW89mxDuCuDANhBy9/TDI=,VzHmXLG2gxCQ9MONH1ageaHUEDI=
-27,11,yKhx8RiW89mxDuCuDANhBy9/TDI=,deTYL1WhCm9zFhfNiZK4Dp/nqXs=
-29,11,yKhx8RiW89mxDuCuDANhBy9/TDI=,PlTfPJJvailolg0q7xAoBirMzcU=
-30,11,yKhx8RiW89mxDuCuDANhBy9/TDI=,PlTfPJJvailolg0q7xAoBirMzcU=
-31,13,yKhx8RiW89mxDuCuDANhBy9/TDI=,VzHmXLG2gxCQ9MONH1ageaHUEDI=
-32,13,yKhx8RiW89mxDuCuDANhBy9/TDI=,VzHmXLG2gxCQ9MONH1ageaHUEDI=
-27,15,yKhx8RiW89mxDuCuDANhBy9/TDI=,QEEidkZdAS3aG4DPEHMG4tAqffQ=
-28,15,yKhx8RiW89mxDuCuDANhBy9/TDI=,QEEidkZdAS3aG4DPEHMG4tAqffQ=
-30,13,yKhx8RiW89mxDuCuDANhBy9/TDI=,VzHmXLG2gxCQ9MONH1ageaHUEDI=
-31,10,yKhx8RiW89mxDuCuDANhBy9/TDI=,PlTfPJJvailolg0q7xAoBirMzcU=
-32,10,yKhx8RiW89mxDuCuDANhBy9/TDI=,PlTfPJJvailolg0q7xAoBirMzcU=
-28,11,yKhx8RiW89mxDuCuDANhBy9/TDI=,deTYL1WhCm9zFhfNiZK4Dp/nqXs=
-27,10,yKhx8RiW89mxDuCuDANhBy9/TDI=,deTYL1WhCm9zFhfNiZK4Dp/nqXs=
-28,10,yKhx8RiW89mxDuCuDANhBy9/TDI=,deTYL1WhCm9zFhfNiZK4Dp/nqXs=
-27,14,yKhx8RiW89mxDuCuDANhBy9/TDI=,QEEidkZdAS3aG4DPEHMG4tAqffQ=
-29,13,yKhx8RiW89mxDuCuDANhBy9/TDI=,VzHmXLG2gxCQ9MONH1ageaHUEDI=
-31,11,yKhx8RiW89mxDuCuDANhBy9/TDI=,PlTfPJJvailolg0q7xAoBirMzcU=
-32,11,yKhx8RiW89mxDuCuDANhBy9/TDI=,PlTfPJJvailolg0q7xAoBirMzcU=
-28,14,yKhx8RiW89mxDuCuDANhBy9/TDI=,QEEidkZdAS3aG4DPEHMG4tAqffQ=
-31,15,yKhx8RiW89mxDuCuDANhBy9/TDI=,VzHmXLG2gxCQ9MONH1ageaHUEDI=
-32,15,yKhx8RiW89mxDuCuDANhBy9/TDI=,VzHmXLG2gxCQ9MONH1ageaHUEDI=
-30,12,yKhx8RiW89mxDuCuDANhBy9/TDI=,VzHmXLG2gxCQ9MONH1ageaHUEDI=
-29,12,yKhx8RiW89mxDuCuDANhBy9/TDI=,VzHmXLG2gxCQ9MONH1ageaHUEDI=
-27,12,yKhx8RiW89mxDuCuDANhBy9/TDI=,QEEidkZdAS3aG4DPEHMG4tAqffQ=
-27,13,yKhx8RiW89mxDuCuDANhBy9/TDI=,QEEidkZdAS3aG4DPEHMG4tAqffQ=
-28,12,yKhx8RiW89mxDuCuDANhBy9/TDI=,QEEidkZdAS3aG4DPEHMG4tAqffQ=
-31,12,yKhx8RiW89mxDuCuDANhBy9/TDI=,VzHmXLG2gxCQ9MONH1ageaHUEDI=
-32,14,yKhx8RiW89mxDuCuDANhBy9/TDI=,VzHmXLG2gxCQ9MONH1ageaHUEDI=
-31,14,yKhx8RiW89mxDuCuDANhBy9/TDI=,VzHmXLG2gxCQ9MONH1ageaHUEDI=
-30,14,yKhx8RiW89mxDuCuDANhBy9/TDI=,VzHmXLG2gxCQ9MONH1ageaHUEDI=
-28,13,yKhx8RiW89mxDuCuDANhBy9/TDI=,QEEidkZdAS3aG4DPEHMG4tAqffQ=
-29,14,yKhx8RiW89mxDuCuDANhBy9/TDI=,VzHmXLG2gxCQ9MONH1ageaHUEDI=
-24,8,yKhx8RiW89mxDuCuDANhBy9/TDI=,mCaieXYWV0sD90AQUnhjbpLgiUQ=
-23,8,yKhx8RiW89mxDuCuDANhBy9/TDI=,mCaieXYWV0sD90AQUnhjbpLgiUQ=
-24,9,yKhx8RiW89mxDuCuDANhBy9/TDI=,mCaieXYWV0sD90AQUnhjbpLgiUQ=
-29,9,yKhx8RiW89mxDuCuDANhBy9/TDI=,PlTfPJJvailolg0q7xAoBirMzcU=
-30,9,yKhx8RiW89mxDuCuDANhBy9/TDI=,PlTfPJJvailolg0q7xAoBirMzcU=
-25,9,yKhx8RiW89mxDuCuDANhBy9/TDI=,deTYL1WhCm9zFhfNiZK4Dp/nqXs=
-26,9,yKhx8RiW89mxDuCuDANhBy9/TDI=,deTYL1WhCm9zFhfNiZK4Dp/nqXs=
-29,8,yKhx8RiW89mxDuCuDANhBy9/TDI=,PlTfPJJvailolg0q7xAoBirMzcU=
-30,8,yKhx8RiW89mxDuCuDANhBy9/TDI=,PlTfPJJvailolg0q7xAoBirMzcU=
-27,9,yKhx8RiW89mxDuCuDANhBy9/TDI=,deTYL1WhCm9zFhfNiZK4Dp/nqXs=
-28,9,yKhx8RiW89mxDuCuDANhBy9/TDI=,deTYL1WhCm9zFhfNiZK4Dp/nqXs=
-25,8,yKhx8RiW89mxDuCuDANhBy9/TDI=,deTYL1WhCm9zFhfNiZK4Dp/nqXs=
-26,8,yKhx8RiW89mxDuCuDANhBy9/TDI=,deTYL1WhCm9zFhfNiZK4Dp/nqXs=
-27,8,yKhx8RiW89mxDuCuDANhBy9/TDI=,deTYL1WhCm9zFhfNiZK4Dp/nqXs=
-28,8,yKhx8RiW89mxDuCuDANhBy9/TDI=,deTYL1WhCm9zFhfNiZK4Dp/nqXs=
-23,9,yKhx8RiW89mxDuCuDANhBy9/TDI=,mCaieXYWV0sD90AQUnhjbpLgiUQ=
-20,8,dUNGb4Y7BurrCg2DBrZTKt2hJaE=,fJ+n9rnaOp2UXWI4UyIHfG2DJtI=
-21,3,dUNGb4Y7BurrCg2DBrZTKt2hJaE=,UE2lVXafzW9YwgiwC9ZQdnVgTTM=
-22,3,dUNGb4Y7BurrCg2DBrZTKt2hJaE=,UE2lVXafzW9YwgiwC9ZQdnVgTTM=
-19,3,dUNGb4Y7BurrCg2DBrZTKt2hJaE=,MhUGbZzJbVncg8JP4+pVDohSLoA=
-21,2,dUNGb4Y7BurrCg2DBrZTKt2hJaE=,UE2lVXafzW9YwgiwC9ZQdnVgTTM=
-20,3,dUNGb4Y7BurrCg2DBrZTKt2hJaE=,MhUGbZzJbVncg8JP4+pVDohSLoA=
-19,2,dUNGb4Y7BurrCg2DBrZTKt2hJaE=,MhUGbZzJbVncg8JP4+pVDohSLoA=
-20,2,dUNGb4Y7BurrCg2DBrZTKt2hJaE=,MhUGbZzJbVncg8JP4+pVDohSLoA=
-21,9,dUNGb4Y7BurrCg2DBrZTKt2hJaE=,mCaieXYWV0sD90AQUnhjbpLgiUQ=
-22,9,dUNGb4Y7BurrCg2DBrZTKt2hJaE=,mCaieXYWV0sD90AQUnhjbpLgiUQ=
-19,9,dUNGb4Y7BurrCg2DBrZTKt2hJaE=,fJ+n9rnaOp2UXWI4UyIHfG2DJtI=
-20,9,dUNGb4Y7BurrCg2DBrZTKt2hJaE=,fJ+n9rnaOp2UXWI4UyIHfG2DJtI=
-21,8,dUNGb4Y7BurrCg2DBrZTKt2hJaE=,mCaieXYWV0sD90AQUnhjbpLgiUQ=
-22,8,dUNGb4Y7BurrCg2DBrZTKt2hJaE=,mCaieXYWV0sD90AQUnhjbpLgiUQ=
-19,8,dUNGb4Y7BurrCg2DBrZTKt2hJaE=,fJ+n9rnaOp2UXWI4UyIHfG2DJtI=
-22,2,dUNGb4Y7BurrCg2DBrZTKt2hJaE=,UE2lVXafzW9YwgiwC9ZQdnVgTTM=
-25,3,dUNGb4Y7BurrCg2DBrZTKt2hJaE=,a86C9CxVdR5pzcZ/ctbjbWK0ibo=
-23,3,dUNGb4Y7BurrCg2DBrZTKt2hJaE=,UE2lVXafzW9YwgiwC9ZQdnVgTTM=
-24,3,dUNGb4Y7BurrCg2DBrZTKt2hJaE=,UE2lVXafzW9YwgiwC9ZQdnVgTTM=
-26,3,dUNGb4Y7BurrCg2DBrZTKt2hJaE=,a86C9CxVdR5pzcZ/ctbjbWK0ibo=
-25,2,dUNGb4Y7BurrCg2DBrZTKt2hJaE=,a86C9CxVdR5pzcZ/ctbjbWK0ibo=
-23,0,dUNGb4Y7BurrCg2DBrZTKt2hJaE=,UE2lVXafzW9YwgiwC9ZQdnVgTTM=
-24,0,dUNGb4Y7BurrCg2DBrZTKt2hJaE=,UE2lVXafzW9YwgiwC9ZQdnVgTTM=
-23,2,dUNGb4Y7BurrCg2DBrZTKt2hJaE=,UE2lVXafzW9YwgiwC9ZQdnVgTTM=
-25,0,dUNGb4Y7BurrCg2DBrZTKt2hJaE=,a86C9CxVdR5pzcZ/ctbjbWK0ibo=
-26,0,dUNGb4Y7BurrCg2DBrZTKt2hJaE=,a86C9CxVdR5pzcZ/ctbjbWK0ibo=
-24,2,dUNGb4Y7BurrCg2DBrZTKt2hJaE=,UE2lVXafzW9YwgiwC9ZQdnVgTTM=
-24,1,dUNGb4Y7BurrCg2DBrZTKt2hJaE=,UE2lVXafzW9YwgiwC9ZQdnVgTTM=
-26,1,dUNGb4Y7BurrCg2DBrZTKt2hJaE=,a86C9CxVdR5pzcZ/ctbjbWK0ibo=
-25,1,dUNGb4Y7BurrCg2DBrZTKt2hJaE=,a86C9CxVdR5pzcZ/ctbjbWK0ibo=
-23,1,dUNGb4Y7BurrCg2DBrZTKt2hJaE=,UE2lVXafzW9YwgiwC9ZQdnVgTTM=
-26,2,dUNGb4Y7BurrCg2DBrZTKt2hJaE=,a86C9CxVdR5pzcZ/ctbjbWK0ibo=
-22,0,dUNGb4Y7BurrCg2DBrZTKt2hJaE=,UE2lVXafzW9YwgiwC9ZQdnVgTTM=
-20,0,dUNGb4Y7BurrCg2DBrZTKt2hJaE=,MhUGbZzJbVncg8JP4+pVDohSLoA=
-21,0,dUNGb4Y7BurrCg2DBrZTKt2hJaE=,UE2lVXafzW9YwgiwC9ZQdnVgTTM=
-19,0,dUNGb4Y7BurrCg2DBrZTKt2hJaE=,MhUGbZzJbVncg8JP4+pVDohSLoA=
-20,1,dUNGb4Y7BurrCg2DBrZTKt2hJaE=,MhUGbZzJbVncg8JP4+pVDohSLoA=
-21,1,dUNGb4Y7BurrCg2DBrZTKt2hJaE=,UE2lVXafzW9YwgiwC9ZQdnVgTTM=
-22,1,dUNGb4Y7BurrCg2DBrZTKt2hJaE=,UE2lVXafzW9YwgiwC9ZQdnVgTTM=
-19,1,dUNGb4Y7BurrCg2DBrZTKt2hJaE=,MhUGbZzJbVncg8JP4+pVDohSLoA=
-32,8,dUNGb4Y7BurrCg2DBrZTKt2hJaE=,PlTfPJJvailolg0q7xAoBirMzcU=
-31,8,dUNGb4Y7BurrCg2DBrZTKt2hJaE=,PlTfPJJvailolg0q7xAoBirMzcU=
-32,9,dUNGb4Y7BurrCg2DBrZTKt2hJaE=,PlTfPJJvailolg0q7xAoBirMzcU=
-31,9,dUNGb4Y7BurrCg2DBrZTKt2hJaE=,PlTfPJJvailolg0q7xAoBirMzcU=
-27,3,dUNGb4Y7BurrCg2DBrZTKt2hJaE=,a86C9CxVdR5pzcZ/ctbjbWK0ibo=
-28,0,dUNGb4Y7BurrCg2DBrZTKt2hJaE=,a86C9CxVdR5pzcZ/ctbjbWK0ibo=
-29,3,dUNGb4Y7BurrCg2DBrZTKt2hJaE=,e17hIiYqXCbXBNHOXf0gEEEKvbE=
-27,0,dUNGb4Y7BurrCg2DBrZTKt2hJaE=,a86C9CxVdR5pzcZ/ctbjbWK0ibo=
-30,3,dUNGb4Y7BurrCg2DBrZTKt2hJaE=,e17hIiYqXCbXBNHOXf0gEEEKvbE=
-28,3,dUNGb4Y7BurrCg2DBrZTKt2hJaE=,a86C9CxVdR5pzcZ/ctbjbWK0ibo=
-28,1,dUNGb4Y7BurrCg2DBrZTKt2hJaE=,a86C9CxVdR5pzcZ/ctbjbWK0ibo=
-27,2,dUNGb4Y7BurrCg2DBrZTKt2hJaE=,a86C9CxVdR5pzcZ/ctbjbWK0ibo=
-29,0,dUNGb4Y7BurrCg2DBrZTKt2hJaE=,e17hIiYqXCbXBNHOXf0gEEEKvbE=
-28,2,dUNGb4Y7BurrCg2DBrZTKt2hJaE=,a86C9CxVdR5pzcZ/ctbjbWK0ibo=
-31,3,dUNGb4Y7BurrCg2DBrZTKt2hJaE=,e17hIiYqXCbXBNHOXf0gEEEKvbE=
-32,3,dUNGb4Y7BurrCg2DBrZTKt2hJaE=,e17hIiYqXCbXBNHOXf0gEEEKvbE=
-31,2,dUNGb4Y7BurrCg2DBrZTKt2hJaE=,e17hIiYqXCbXBNHOXf0gEEEKvbE=
-32,2,dUNGb4Y7BurrCg2DBrZTKt2hJaE=,e17hIiYqXCbXBNHOXf0gEEEKvbE=
-27,1,dUNGb4Y7BurrCg2DBrZTKt2hJaE=,a86C9CxVdR5pzcZ/ctbjbWK0ibo=
-30,0,dUNGb4Y7BurrCg2DBrZTKt2hJaE=,e17hIiYqXCbXBNHOXf0gEEEKvbE=
-29,1,dUNGb4Y7BurrCg2DBrZTKt2hJaE=,e17hIiYqXCbXBNHOXf0gEEEKvbE=
-30,2,dUNGb4Y7BurrCg2DBrZTKt2hJaE=,e17hIiYqXCbXBNHOXf0gEEEKvbE=
-32,1,dUNGb4Y7BurrCg2DBrZTKt2hJaE=,e17hIiYqXCbXBNHOXf0gEEEKvbE=
-29,2,dUNGb4Y7BurrCg2DBrZTKt2hJaE=,e17hIiYqXCbXBNHOXf0gEEEKvbE=
-31,1,dUNGb4Y7BurrCg2DBrZTKt2hJaE=,e17hIiYqXCbXBNHOXf0gEEEKvbE=
-30,1,dUNGb4Y7BurrCg2DBrZTKt2hJaE=,e17hIiYqXCbXBNHOXf0gEEEKvbE=
-31,0,dUNGb4Y7BurrCg2DBrZTKt2hJaE=,e17hIiYqXCbXBNHOXf0gEEEKvbE=
-32,0,dUNGb4Y7BurrCg2DBrZTKt2hJaE=,e17hIiYqXCbXBNHOXf0gEEEKvbE=
-18,8,dUNGb4Y7BurrCg2DBrZTKt2hJaE=,fJ+n9rnaOp2UXWI4UyIHfG2DJtI=
-17,8,dUNGb4Y7BurrCg2DBrZTKt2hJaE=,fJ+n9rnaOp2UXWI4UyIHfG2DJtI=
-18,9,dUNGb4Y7BurrCg2DBrZTKt2hJaE=,fJ+n9rnaOp2UXWI4UyIHfG2DJtI=
-17,9,dUNGb4Y7BurrCg2DBrZTKt2hJaE=,fJ+n9rnaOp2UXWI4UyIHfG2DJtI=
-17,3,dUNGb4Y7BurrCg2DBrZTKt2hJaE=,MhUGbZzJbVncg8JP4+pVDohSLoA=
-18,2,dUNGb4Y7BurrCg2DBrZTKt2hJaE=,MhUGbZzJbVncg8JP4+pVDohSLoA=
-18,3,dUNGb4Y7BurrCg2DBrZTKt2hJaE=,MhUGbZzJbVncg8JP4+pVDohSLoA=
-17,2,dUNGb4Y7BurrCg2DBrZTKt2hJaE=,MhUGbZzJbVncg8JP4+pVDohSLoA=
-17,0,dUNGb4Y7BurrCg2DBrZTKt2hJaE=,MhUGbZzJbVncg8JP4+pVDohSLoA=
-17,1,dUNGb4Y7BurrCg2DBrZTKt2hJaE=,MhUGbZzJbVncg8JP4+pVDohSLoA=
-18,0,dUNGb4Y7BurrCg2DBrZTKt2hJaE=,MhUGbZzJbVncg8JP4+pVDohSLoA=
-18,1,dUNGb4Y7BurrCg2DBrZTKt2hJaE=,MhUGbZzJbVncg8JP4+pVDohSLoA=
-10,8,pmGr0XcCso4SWib9laZ4JzZFvXc=,de4A9LFuAuzX2kTgB8dtD034YbQ=
-10,7,pmGr0XcCso4SWib9laZ4JzZFvXc=,0hrV/a9WaEU2chhMoH89M4ytoOo=
-9,7,pmGr0XcCso4SWib9laZ4JzZFvXc=,0hrV/a9WaEU2chhMoH89M4ytoOo=
-9,8,pmGr0XcCso4SWib9laZ4JzZFvXc=,de4A9LFuAuzX2kTgB8dtD034YbQ=
-7,8,pmGr0XcCso4SWib9laZ4JzZFvXc=,cQQFo5Uv6dssSeMPGprYGx71ewk=
-7,7,pmGr0XcCso4SWib9laZ4JzZFvXc=,cP4IpfeO2BYKbR/Snx8muG8cDoA=
-8,8,pmGr0XcCso4SWib9laZ4JzZFvXc=,cQQFo5Uv6dssSeMPGprYGx71ewk=
-8,9,pmGr0XcCso4SWib9laZ4JzZFvXc=,cQQFo5Uv6dssSeMPGprYGx71ewk=
-8,7,pmGr0XcCso4SWib9laZ4JzZFvXc=,cP4IpfeO2BYKbR/Snx8muG8cDoA=
-9,9,pmGr0XcCso4SWib9laZ4JzZFvXc=,de4A9LFuAuzX2kTgB8dtD034YbQ=
-10,6,pmGr0XcCso4SWib9laZ4JzZFvXc=,0hrV/a9WaEU2chhMoH89M4ytoOo=
-10,9,pmGr0XcCso4SWib9laZ4JzZFvXc=,de4A9LFuAuzX2kTgB8dtD034YbQ=
-7,6,pmGr0XcCso4SWib9laZ4JzZFvXc=,cP4IpfeO2BYKbR/Snx8muG8cDoA=
-9,6,pmGr0XcCso4SWib9laZ4JzZFvXc=,0hrV/a9WaEU2chhMoH89M4ytoOo=
-8,6,pmGr0XcCso4SWib9laZ4JzZFvXc=,cP4IpfeO2BYKbR/Snx8muG8cDoA=
-7,9,pmGr0XcCso4SWib9laZ4JzZFvXc=,cQQFo5Uv6dssSeMPGprYGx71ewk=
-5,7,DcWviUKHkGAeN4jfiQQ+Jpy2EAQ=,cP4IpfeO2BYKbR/Snx8muG8cDoA=
-4,8,DcWviUKHkGAeN4jfiQQ+Jpy2EAQ=,QLlbwgrbXLeM4EAi85vXVxqUZgk=
-3,7,DcWviUKHkGAeN4jfiQQ+Jpy2EAQ=,vUYkYOL/RN6tr/ecJ9/a+zvBE2I=
-3,8,DcWviUKHkGAeN4jfiQQ+Jpy2EAQ=,QLlbwgrbXLeM4EAi85vXVxqUZgk=
-5,6,DcWviUKHkGAeN4jfiQQ+Jpy2EAQ=,cP4IpfeO2BYKbR/Snx8muG8cDoA=
-4,7,DcWviUKHkGAeN4jfiQQ+Jpy2EAQ=,vUYkYOL/RN6tr/ecJ9/a+zvBE2I=
-6,8,DcWviUKHkGAeN4jfiQQ+Jpy2EAQ=,cQQFo5Uv6dssSeMPGprYGx71ewk=
-5,8,DcWviUKHkGAeN4jfiQQ+Jpy2EAQ=,cQQFo5Uv6dssSeMPGprYGx71ewk=
-4,6,DcWviUKHkGAeN4jfiQQ+Jpy2EAQ=,vUYkYOL/RN6tr/ecJ9/a+zvBE2I=
-3,6,DcWviUKHkGAeN4jfiQQ+Jpy2EAQ=,vUYkYOL/RN6tr/ecJ9/a+zvBE2I=
-4,9,DcWviUKHkGAeN4jfiQQ+Jpy2EAQ=,QLlbwgrbXLeM4EAi85vXVxqUZgk=
-6,7,DcWviUKHkGAeN4jfiQQ+Jpy2EAQ=,cP4IpfeO2BYKbR/Snx8muG8cDoA=
-6,6,DcWviUKHkGAeN4jfiQQ+Jpy2EAQ=,cP4IpfeO2BYKbR/Snx8muG8cDoA=
-5,9,DcWviUKHkGAeN4jfiQQ+Jpy2EAQ=,cQQFo5Uv6dssSeMPGprYGx71ewk=
-3,9,DcWviUKHkGAeN4jfiQQ+Jpy2EAQ=,QLlbwgrbXLeM4EAi85vXVxqUZgk=
-6,9,DcWviUKHkGAeN4jfiQQ+Jpy2EAQ=,cQQFo5Uv6dssSeMPGprYGx71ewk=
-10,13,MmUWo3LTI4qMrw0qvCxQWQjz65o=,VNq3MiijMey26vYBhIasfTP4Bew=
-9,12,MmUWo3LTI4qMrw0qvCxQWQjz65o=,VNq3MiijMey26vYBhIasfTP4Bew=
-8,11,MmUWo3LTI4qMrw0qvCxQWQjz65o=,cQQFo5Uv6dssSeMPGprYGx71ewk=
-9,13,MmUWo3LTI4qMrw0qvCxQWQjz65o=,VNq3MiijMey26vYBhIasfTP4Bew=
-9,11,MmUWo3LTI4qMrw0qvCxQWQjz65o=,de4A9LFuAuzX2kTgB8dtD034YbQ=
-8,12,MmUWo3LTI4qMrw0qvCxQWQjz65o=,S+lv0S29o1p5XJa/u4QPVvvFIIw=
-7,11,MmUWo3LTI4qMrw0qvCxQWQjz65o=,cQQFo5Uv6dssSeMPGprYGx71ewk=
-10,11,MmUWo3LTI4qMrw0qvCxQWQjz65o=,de4A9LFuAuzX2kTgB8dtD034YbQ=
-10,12,MmUWo3LTI4qMrw0qvCxQWQjz65o=,VNq3MiijMey26vYBhIasfTP4Bew=
-10,10,MmUWo3LTI4qMrw0qvCxQWQjz65o=,de4A9LFuAuzX2kTgB8dtD034YbQ=
-7,12,MmUWo3LTI4qMrw0qvCxQWQjz65o=,S+lv0S29o1p5XJa/u4QPVvvFIIw=
-9,10,MmUWo3LTI4qMrw0qvCxQWQjz65o=,de4A9LFuAuzX2kTgB8dtD034YbQ=
-8,13,MmUWo3LTI4qMrw0qvCxQWQjz65o=,S+lv0S29o1p5XJa/u4QPVvvFIIw=
-7,13,MmUWo3LTI4qMrw0qvCxQWQjz65o=,S+lv0S29o1p5XJa/u4QPVvvFIIw=
-8,10,MmUWo3LTI4qMrw0qvCxQWQjz65o=,cQQFo5Uv6dssSeMPGprYGx71ewk=
-7,10,MmUWo3LTI4qMrw0qvCxQWQjz65o=,cQQFo5Uv6dssSeMPGprYGx71ewk=
-4,12,0NYPvvhU6BNFAFJZ7XYX/vrPpgo=,SjAjXDU0Cr2SwNyX4SA34c5DQsY=
-6,11,0NYPvvhU6BNFAFJZ7XYX/vrPpgo=,cQQFo5Uv6dssSeMPGprYGx71ewk=
-4,11,0NYPvvhU6BNFAFJZ7XYX/vrPpgo=,QLlbwgrbXLeM4EAi85vXVxqUZgk=
-5,11,0NYPvvhU6BNFAFJZ7XYX/vrPpgo=,cQQFo5Uv6dssSeMPGprYGx71ewk=
-3,11,0NYPvvhU6BNFAFJZ7XYX/vrPpgo=,QLlbwgrbXLeM4EAi85vXVxqUZgk=
-6,10,0NYPvvhU6BNFAFJZ7XYX/vrPpgo=,cQQFo5Uv6dssSeMPGprYGx71ewk=
-6,13,0NYPvvhU6BNFAFJZ7XYX/vrPpgo=,S+lv0S29o1p5XJa/u4QPVvvFIIw=
-5,13,0NYPvvhU6BNFAFJZ7XYX/vrPpgo=,S+lv0S29o1p5XJa/u4QPVvvFIIw=
-5,10,0NYPvvhU6BNFAFJZ7XYX/vrPpgo=,cQQFo5Uv6dssSeMPGprYGx71ewk=
-3,12,0NYPvvhU6BNFAFJZ7XYX/vrPpgo=,SjAjXDU0Cr2SwNyX4SA34c5DQsY=
-6,12,0NYPvvhU6BNFAFJZ7XYX/vrPpgo=,S+lv0S29o1p5XJa/u4QPVvvFIIw=
-5,12,0NYPvvhU6BNFAFJZ7XYX/vrPpgo=,S+lv0S29o1p5XJa/u4QPVvvFIIw=
-3,10,0NYPvvhU6BNFAFJZ7XYX/vrPpgo=,QLlbwgrbXLeM4EAi85vXVxqUZgk=
-4,10,0NYPvvhU6BNFAFJZ7XYX/vrPpgo=,QLlbwgrbXLeM4EAi85vXVxqUZgk=
-4,13,0NYPvvhU6BNFAFJZ7XYX/vrPpgo=,SjAjXDU0Cr2SwNyX4SA34c5DQsY=
-3,13,0NYPvvhU6BNFAFJZ7XYX/vrPpgo=,SjAjXDU0Cr2SwNyX4SA34c5DQsY=
-11,5,ix8b1kN4lgz3Nj3X/ZunwClkOiw=,0hrV/a9WaEU2chhMoH89M4ytoOo=
-12,5,ix8b1kN4lgz3Nj3X/ZunwClkOiw=,0hrV/a9WaEU2chhMoH89M4ytoOo=
-14,3,ix8b1kN4lgz3Nj3X/ZunwClkOiw=,aaWsHtihwGw2/7vxxt7/xtQ0mKU=
-13,3,ix8b1kN4lgz3Nj3X/ZunwClkOiw=,aaWsHtihwGw2/7vxxt7/xtQ0mKU=
-12,2,ix8b1kN4lgz3Nj3X/ZunwClkOiw=,2KdfyxPKlzyJspiFASpc6AeBmNQ=
-11,2,ix8b1kN4lgz3Nj3X/ZunwClkOiw=,2KdfyxPKlzyJspiFASpc6AeBmNQ=
-12,4,ix8b1kN4lgz3Nj3X/ZunwClkOiw=,0hrV/a9WaEU2chhMoH89M4ytoOo=
-11,4,ix8b1kN4lgz3Nj3X/ZunwClkOiw=,0hrV/a9WaEU2chhMoH89M4ytoOo=
-14,2,ix8b1kN4lgz3Nj3X/ZunwClkOiw=,aaWsHtihwGw2/7vxxt7/xtQ0mKU=
-13,2,ix8b1kN4lgz3Nj3X/ZunwClkOiw=,aaWsHtihwGw2/7vxxt7/xtQ0mKU=
-11,3,ix8b1kN4lgz3Nj3X/ZunwClkOiw=,2KdfyxPKlzyJspiFASpc6AeBmNQ=
-12,3,ix8b1kN4lgz3Nj3X/ZunwClkOiw=,2KdfyxPKlzyJspiFASpc6AeBmNQ=
-12,0,ix8b1kN4lgz3Nj3X/ZunwClkOiw=,2KdfyxPKlzyJspiFASpc6AeBmNQ=
-11,0,ix8b1kN4lgz3Nj3X/ZunwClkOiw=,2KdfyxPKlzyJspiFASpc6AeBmNQ=
-11,1,ix8b1kN4lgz3Nj3X/ZunwClkOiw=,2KdfyxPKlzyJspiFASpc6AeBmNQ=
-12,1,ix8b1kN4lgz3Nj3X/ZunwClkOiw=,2KdfyxPKlzyJspiFASpc6AeBmNQ=
-13,1,ix8b1kN4lgz3Nj3X/ZunwClkOiw=,aaWsHtihwGw2/7vxxt7/xtQ0mKU=
-14,0,ix8b1kN4lgz3Nj3X/ZunwClkOiw=,aaWsHtihwGw2/7vxxt7/xtQ0mKU=
-14,1,ix8b1kN4lgz3Nj3X/ZunwClkOiw=,aaWsHtihwGw2/7vxxt7/xtQ0mKU=
-13,0,ix8b1kN4lgz3Nj3X/ZunwClkOiw=,aaWsHtihwGw2/7vxxt7/xtQ0mKU=
-10,1,ix8b1kN4lgz3Nj3X/ZunwClkOiw=,2KdfyxPKlzyJspiFASpc6AeBmNQ=
-9,1,ix8b1kN4lgz3Nj3X/ZunwClkOiw=,2KdfyxPKlzyJspiFASpc6AeBmNQ=
-5,5,ix8b1kN4lgz3Nj3X/ZunwClkOiw=,cP4IpfeO2BYKbR/Snx8muG8cDoA=
-6,5,ix8b1kN4lgz3Nj3X/ZunwClkOiw=,cP4IpfeO2BYKbR/Snx8muG8cDoA=
-4,3,ix8b1kN4lgz3Nj3X/ZunwClkOiw=,Le3E1//Drhcwm1YhhAegD/3PfY0=
-8,0,ix8b1kN4lgz3Nj3X/ZunwClkOiw=,braNis8IgNA48L/7bW4OBxRgI2A=
-3,2,ix8b1kN4lgz3Nj3X/ZunwClkOiw=,Le3E1//Drhcwm1YhhAegD/3PfY0=
-3,3,ix8b1kN4lgz3Nj3X/ZunwClkOiw=,Le3E1//Drhcwm1YhhAegD/3PfY0=
-4,2,ix8b1kN4lgz3Nj3X/ZunwClkOiw=,Le3E1//Drhcwm1YhhAegD/3PfY0=
-10,5,ix8b1kN4lgz3Nj3X/ZunwClkOiw=,0hrV/a9WaEU2chhMoH89M4ytoOo=
-9,5,ix8b1kN4lgz3Nj3X/ZunwClkOiw=,0hrV/a9WaEU2chhMoH89M4ytoOo=
-7,0,ix8b1kN4lgz3Nj3X/ZunwClkOiw=,braNis8IgNA48L/7bW4OBxRgI2A=
-8,5,ix8b1kN4lgz3Nj3X/ZunwClkOiw=,cP4IpfeO2BYKbR/Snx8muG8cDoA=
-7,5,ix8b1kN4lgz3Nj3X/ZunwClkOiw=,cP4IpfeO2BYKbR/Snx8muG8cDoA=
-9,0,ix8b1kN4lgz3Nj3X/ZunwClkOiw=,2KdfyxPKlzyJspiFASpc6AeBmNQ=
-5,4,ix8b1kN4lgz3Nj3X/ZunwClkOiw=,cP4IpfeO2BYKbR/Snx8muG8cDoA=
-10,0,ix8b1kN4lgz3Nj3X/ZunwClkOiw=,2KdfyxPKlzyJspiFASpc6AeBmNQ=
-10,2,ix8b1kN4lgz3Nj3X/ZunwClkOiw=,2KdfyxPKlzyJspiFASpc6AeBmNQ=
-6,4,ix8b1kN4lgz3Nj3X/ZunwClkOiw=,cP4IpfeO2BYKbR/Snx8muG8cDoA=
-9,2,ix8b1kN4lgz3Nj3X/ZunwClkOiw=,2KdfyxPKlzyJspiFASpc6AeBmNQ=
-10,4,ix8b1kN4lgz3Nj3X/ZunwClkOiw=,0hrV/a9WaEU2chhMoH89M4ytoOo=
-7,4,ix8b1kN4lgz3Nj3X/ZunwClkOiw=,cP4IpfeO2BYKbR/Snx8muG8cDoA=
-9,4,ix8b1kN4lgz3Nj3X/ZunwClkOiw=,0hrV/a9WaEU2chhMoH89M4ytoOo=
-8,4,ix8b1kN4lgz3Nj3X/ZunwClkOiw=,cP4IpfeO2BYKbR/Snx8muG8cDoA=
-5,3,ix8b1kN4lgz3Nj3X/ZunwClkOiw=,braNis8IgNA48L/7bW4OBxRgI2A=
-6,3,ix8b1kN4lgz3Nj3X/ZunwClkOiw=,braNis8IgNA48L/7bW4OBxRgI2A=
-4,4,ix8b1kN4lgz3Nj3X/ZunwClkOiw=,vUYkYOL/RN6tr/ecJ9/a+zvBE2I=
-4,5,ix8b1kN4lgz3Nj3X/ZunwClkOiw=,vUYkYOL/RN6tr/ecJ9/a+zvBE2I=
-7,3,ix8b1kN4lgz3Nj3X/ZunwClkOiw=,braNis8IgNA48L/7bW4OBxRgI2A=
-3,5,ix8b1kN4lgz3Nj3X/ZunwClkOiw=,vUYkYOL/RN6tr/ecJ9/a+zvBE2I=
-8,3,ix8b1kN4lgz3Nj3X/ZunwClkOiw=,braNis8IgNA48L/7bW4OBxRgI2A=
-3,4,ix8b1kN4lgz3Nj3X/ZunwClkOiw=,vUYkYOL/RN6tr/ecJ9/a+zvBE2I=
-9,3,ix8b1kN4lgz3Nj3X/ZunwClkOiw=,2KdfyxPKlzyJspiFASpc6AeBmNQ=
-5,2,ix8b1kN4lgz3Nj3X/ZunwClkOiw=,braNis8IgNA48L/7bW4OBxRgI2A=
-6,2,ix8b1kN4lgz3Nj3X/ZunwClkOiw=,braNis8IgNA48L/7bW4OBxRgI2A=
-10,3,ix8b1kN4lgz3Nj3X/ZunwClkOiw=,2KdfyxPKlzyJspiFASpc6AeBmNQ=
-8,1,ix8b1kN4lgz3Nj3X/ZunwClkOiw=,braNis8IgNA48L/7bW4OBxRgI2A=
-7,1,ix8b1kN4lgz3Nj3X/ZunwClkOiw=,braNis8IgNA48L/7bW4OBxRgI2A=
-7,2,ix8b1kN4lgz3Nj3X/ZunwClkOiw=,braNis8IgNA48L/7bW4OBxRgI2A=
-8,2,ix8b1kN4lgz3Nj3X/ZunwClkOiw=,braNis8IgNA48L/7bW4OBxRgI2A=
-4,0,ix8b1kN4lgz3Nj3X/ZunwClkOiw=,Le3E1//Drhcwm1YhhAegD/3PfY0=
-6,1,ix8b1kN4lgz3Nj3X/ZunwClkOiw=,braNis8IgNA48L/7bW4OBxRgI2A=
-3,1,ix8b1kN4lgz3Nj3X/ZunwClkOiw=,Le3E1//Drhcwm1YhhAegD/3PfY0=
-5,1,IIzC3lC/H6gsOd7mt2BlXRID0UA=,braNis8IgNA48L/7bW4OBxRgI2A=
-4,1,IIzC3lC/H6gsOd7mt2BlXRID0UA=,Le3E1//Drhcwm1YhhAegD/3PfY0=
-3,0,IIzC3lC/H6gsOd7mt2BlXRID0UA=,Le3E1//Drhcwm1YhhAegD/3PfY0=
-5,0,IIzC3lC/H6gsOd7mt2BlXRID0UA=,braNis8IgNA48L/7bW4OBxRgI2A=
-1,1,IIzC3lC/H6gsOd7mt2BlXRID0UA=,Le3E1//Drhcwm1YhhAegD/3PfY0=
-6,0,IIzC3lC/H6gsOd7mt2BlXRID0UA=,braNis8IgNA48L/7bW4OBxRgI2A=
-1,0,IIzC3lC/H6gsOd7mt2BlXRID0UA=,Le3E1//Drhcwm1YhhAegD/3PfY0=
-2,1,IIzC3lC/H6gsOd7mt2BlXRID0UA=,Le3E1//Drhcwm1YhhAegD/3PfY0=
-2,0,IIzC3lC/H6gsOd7mt2BlXRID0UA=,Le3E1//Drhcwm1YhhAegD/3PfY0=
-2,3,IIzC3lC/H6gsOd7mt2BlXRID0UA=,Le3E1//Drhcwm1YhhAegD/3PfY0=
-2,5,IIzC3lC/H6gsOd7mt2BlXRID0UA=,vUYkYOL/RN6tr/ecJ9/a+zvBE2I=
-2,4,IIzC3lC/H6gsOd7mt2BlXRID0UA=,vUYkYOL/RN6tr/ecJ9/a+zvBE2I=
-1,3,IIzC3lC/H6gsOd7mt2BlXRID0UA=,Le3E1//Drhcwm1YhhAegD/3PfY0=
-1,2,IIzC3lC/H6gsOd7mt2BlXRID0UA=,Le3E1//Drhcwm1YhhAegD/3PfY0=
-1,5,IIzC3lC/H6gsOd7mt2BlXRID0UA=,vUYkYOL/RN6tr/ecJ9/a+zvBE2I=
-2,7,IIzC3lC/H6gsOd7mt2BlXRID0UA=,vUYkYOL/RN6tr/ecJ9/a+zvBE2I=
-2,2,IIzC3lC/H6gsOd7mt2BlXRID0UA=,Le3E1//Drhcwm1YhhAegD/3PfY0=
-2,8,IIzC3lC/H6gsOd7mt2BlXRID0UA=,QLlbwgrbXLeM4EAi85vXVxqUZgk=
-1,7,IIzC3lC/H6gsOd7mt2BlXRID0UA=,vUYkYOL/RN6tr/ecJ9/a+zvBE2I=
-1,8,IIzC3lC/H6gsOd7mt2BlXRID0UA=,QLlbwgrbXLeM4EAi85vXVxqUZgk=
-1,6,IIzC3lC/H6gsOd7mt2BlXRID0UA=,vUYkYOL/RN6tr/ecJ9/a+zvBE2I=
-2,9,IIzC3lC/H6gsOd7mt2BlXRID0UA=,QLlbwgrbXLeM4EAi85vXVxqUZgk=
-2,6,IIzC3lC/H6gsOd7mt2BlXRID0UA=,vUYkYOL/RN6tr/ecJ9/a+zvBE2I=
-1,4,IIzC3lC/H6gsOd7mt2BlXRID0UA=,vUYkYOL/RN6tr/ecJ9/a+zvBE2I=
-1,9,IIzC3lC/H6gsOd7mt2BlXRID0UA=,QLlbwgrbXLeM4EAi85vXVxqUZgk=
-4,15,IIzC3lC/H6gsOd7mt2BlXRID0UA=,SjAjXDU0Cr2SwNyX4SA34c5DQsY=
-5,15,IIzC3lC/H6gsOd7mt2BlXRID0UA=,S+lv0S29o1p5XJa/u4QPVvvFIIw=
-3,15,IIzC3lC/H6gsOd7mt2BlXRID0UA=,SjAjXDU0Cr2SwNyX4SA34c5DQsY=
-4,14,IIzC3lC/H6gsOd7mt2BlXRID0UA=,SjAjXDU0Cr2SwNyX4SA34c5DQsY=
-6,15,IIzC3lC/H6gsOd7mt2BlXRID0UA=,S+lv0S29o1p5XJa/u4QPVvvFIIw=
-3,14,IIzC3lC/H6gsOd7mt2BlXRID0UA=,SjAjXDU0Cr2SwNyX4SA34c5DQsY=
-6,14,IIzC3lC/H6gsOd7mt2BlXRID0UA=,S+lv0S29o1p5XJa/u4QPVvvFIIw=
-5,14,IIzC3lC/H6gsOd7mt2BlXRID0UA=,S+lv0S29o1p5XJa/u4QPVvvFIIw=
-1,13,IIzC3lC/H6gsOd7mt2BlXRID0UA=,SjAjXDU0Cr2SwNyX4SA34c5DQsY=
-2,13,IIzC3lC/H6gsOd7mt2BlXRID0UA=,SjAjXDU0Cr2SwNyX4SA34c5DQsY=
-2,11,IIzC3lC/H6gsOd7mt2BlXRID0UA=,QLlbwgrbXLeM4EAi85vXVxqUZgk=
-2,12,IIzC3lC/H6gsOd7mt2BlXRID0UA=,SjAjXDU0Cr2SwNyX4SA34c5DQsY=
-2,10,IIzC3lC/H6gsOd7mt2BlXRID0UA=,QLlbwgrbXLeM4EAi85vXVxqUZgk=
-1,10,IIzC3lC/H6gsOd7mt2BlXRID0UA=,QLlbwgrbXLeM4EAi85vXVxqUZgk=
-1,11,IIzC3lC/H6gsOd7mt2BlXRID0UA=,QLlbwgrbXLeM4EAi85vXVxqUZgk=
-1,12,IIzC3lC/H6gsOd7mt2BlXRID0UA=,SjAjXDU0Cr2SwNyX4SA34c5DQsY=
-12,8,IIzC3lC/H6gsOd7mt2BlXRID0UA=,de4A9LFuAuzX2kTgB8dtD034YbQ=
-11,7,IIzC3lC/H6gsOd7mt2BlXRID0UA=,0hrV/a9WaEU2chhMoH89M4ytoOo=
-12,7,IIzC3lC/H6gsOd7mt2BlXRID0UA=,0hrV/a9WaEU2chhMoH89M4ytoOo=
-11,9,IIzC3lC/H6gsOd7mt2BlXRID0UA=,de4A9LFuAuzX2kTgB8dtD034YbQ=
-12,9,IIzC3lC/H6gsOd7mt2BlXRID0UA=,de4A9LFuAuzX2kTgB8dtD034YbQ=
-11,6,IIzC3lC/H6gsOd7mt2BlXRID0UA=,0hrV/a9WaEU2chhMoH89M4ytoOo=
-12,6,IIzC3lC/H6gsOd7mt2BlXRID0UA=,0hrV/a9WaEU2chhMoH89M4ytoOo=
-11,8,IIzC3lC/H6gsOd7mt2BlXRID0UA=,de4A9LFuAuzX2kTgB8dtD034YbQ=
-9,15,IIzC3lC/H6gsOd7mt2BlXRID0UA=,VNq3MiijMey26vYBhIasfTP4Bew=
-10,15,IIzC3lC/H6gsOd7mt2BlXRID0UA=,VNq3MiijMey26vYBhIasfTP4Bew=
-10,14,IIzC3lC/H6gsOd7mt2BlXRID0UA=,VNq3MiijMey26vYBhIasfTP4Bew=
-7,15,IIzC3lC/H6gsOd7mt2BlXRID0UA=,S+lv0S29o1p5XJa/u4QPVvvFIIw=
-8,14,IIzC3lC/H6gsOd7mt2BlXRID0UA=,S+lv0S29o1p5XJa/u4QPVvvFIIw=
-9,14,IIzC3lC/H6gsOd7mt2BlXRID0UA=,VNq3MiijMey26vYBhIasfTP4Bew=
-8,15,IIzC3lC/H6gsOd7mt2BlXRID0UA=,S+lv0S29o1p5XJa/u4QPVvvFIIw=
-2,14,IIzC3lC/H6gsOd7mt2BlXRID0UA=,SjAjXDU0Cr2SwNyX4SA34c5DQsY=
-1,14,IIzC3lC/H6gsOd7mt2BlXRID0UA=,SjAjXDU0Cr2SwNyX4SA34c5DQsY=
-7,14,IIzC3lC/H6gsOd7mt2BlXRID0UA=,S+lv0S29o1p5XJa/u4QPVvvFIIw=
-1,15,IIzC3lC/H6gsOd7mt2BlXRID0UA=,SjAjXDU0Cr2SwNyX4SA34c5DQsY=
-2,15,IIzC3lC/H6gsOd7mt2BlXRID0UA=,SjAjXDU0Cr2SwNyX4SA34c5DQsY=
-15,3,IIzC3lC/H6gsOd7mt2BlXRID0UA=,aaWsHtihwGw2/7vxxt7/xtQ0mKU=
-16,3,IIzC3lC/H6gsOd7mt2BlXRID0UA=,aaWsHtihwGw2/7vxxt7/xtQ0mKU=
-16,2,IIzC3lC/H6gsOd7mt2BlXRID0UA=,aaWsHtihwGw2/7vxxt7/xtQ0mKU=
-15,2,IIzC3lC/H6gsOd7mt2BlXRID0UA=,aaWsHtihwGw2/7vxxt7/xtQ0mKU=
-16,0,IIzC3lC/H6gsOd7mt2BlXRID0UA=,aaWsHtihwGw2/7vxxt7/xtQ0mKU=
-16,1,IIzC3lC/H6gsOd7mt2BlXRID0UA=,aaWsHtihwGw2/7vxxt7/xtQ0mKU=
-15,0,IIzC3lC/H6gsOd7mt2BlXRID0UA=,aaWsHtihwGw2/7vxxt7/xtQ0mKU=
-15,1,IIzC3lC/H6gsOd7mt2BlXRID0UA=,aaWsHtihwGw2/7vxxt7/xtQ0mKU=
-12,11,JuN+3QHcSCeKz/VClz7CT2pDPms=,de4A9LFuAuzX2kTgB8dtD034YbQ=
-13,12,JuN+3QHcSCeKz/VClz7CT2pDPms=,ZdJUa4PxKn7bzGIQfrliwb2pGkE=
-14,12,JuN+3QHcSCeKz/VClz7CT2pDPms=,ZdJUa4PxKn7bzGIQfrliwb2pGkE=
-13,15,JuN+3QHcSCeKz/VClz7CT2pDPms=,ZdJUa4PxKn7bzGIQfrliwb2pGkE=
-16,14,JuN+3QHcSCeKz/VClz7CT2pDPms=,ZdJUa4PxKn7bzGIQfrliwb2pGkE=
-14,15,JuN+3QHcSCeKz/VClz7CT2pDPms=,ZdJUa4PxKn7bzGIQfrliwb2pGkE=
-15,14,JuN+3QHcSCeKz/VClz7CT2pDPms=,ZdJUa4PxKn7bzGIQfrliwb2pGkE=
-15,15,JuN+3QHcSCeKz/VClz7CT2pDPms=,ZdJUa4PxKn7bzGIQfrliwb2pGkE=
-16,15,JuN+3QHcSCeKz/VClz7CT2pDPms=,ZdJUa4PxKn7bzGIQfrliwb2pGkE=
-11,15,JuN+3QHcSCeKz/VClz7CT2pDPms=,VNq3MiijMey26vYBhIasfTP4Bew=
-12,15,JuN+3QHcSCeKz/VClz7CT2pDPms=,VNq3MiijMey26vYBhIasfTP4Bew=
-11,10,JuN+3QHcSCeKz/VClz7CT2pDPms=,de4A9LFuAuzX2kTgB8dtD034YbQ=
-12,10,JuN+3QHcSCeKz/VClz7CT2pDPms=,de4A9LFuAuzX2kTgB8dtD034YbQ=
-15,12,JuN+3QHcSCeKz/VClz7CT2pDPms=,ZdJUa4PxKn7bzGIQfrliwb2pGkE=
-11,11,JuN+3QHcSCeKz/VClz7CT2pDPms=,de4A9LFuAuzX2kTgB8dtD034YbQ=
-16,12,JuN+3QHcSCeKz/VClz7CT2pDPms=,ZdJUa4PxKn7bzGIQfrliwb2pGkE=
-13,13,JuN+3QHcSCeKz/VClz7CT2pDPms=,ZdJUa4PxKn7bzGIQfrliwb2pGkE=
-11,14,JuN+3QHcSCeKz/VClz7CT2pDPms=,VNq3MiijMey26vYBhIasfTP4Bew=
-11,12,JuN+3QHcSCeKz/VClz7CT2pDPms=,VNq3MiijMey26vYBhIasfTP4Bew=
-12,14,JuN+3QHcSCeKz/VClz7CT2pDPms=,VNq3MiijMey26vYBhIasfTP4Bew=
-14,13,JuN+3QHcSCeKz/VClz7CT2pDPms=,ZdJUa4PxKn7bzGIQfrliwb2pGkE=
-14,14,JuN+3QHcSCeKz/VClz7CT2pDPms=,ZdJUa4PxKn7bzGIQfrliwb2pGkE=
-11,13,JuN+3QHcSCeKz/VClz7CT2pDPms=,VNq3MiijMey26vYBhIasfTP4Bew=
-13,14,JuN+3QHcSCeKz/VClz7CT2pDPms=,ZdJUa4PxKn7bzGIQfrliwb2pGkE=
-12,13,JuN+3QHcSCeKz/VClz7CT2pDPms=,VNq3MiijMey26vYBhIasfTP4Bew=
-12,12,JuN+3QHcSCeKz/VClz7CT2pDPms=,VNq3MiijMey26vYBhIasfTP4Bew=
-16,13,JuN+3QHcSCeKz/VClz7CT2pDPms=,ZdJUa4PxKn7bzGIQfrliwb2pGkE=
-15,13,JuN+3QHcSCeKz/VClz7CT2pDPms=,ZdJUa4PxKn7bzGIQfrliwb2pGkE=
-4,18,9HaQe0jOf4vw4CoPN0Hg1VRLPBA=,vGZW/2C6Ja/tDcB5A0YhznPBT9c=
-1,19,9HaQe0jOf4vw4CoPN0Hg1VRLPBA=,vGZW/2C6Ja/tDcB5A0YhznPBT9c=
-2,19,9HaQe0jOf4vw4CoPN0Hg1VRLPBA=,vGZW/2C6Ja/tDcB5A0YhznPBT9c=
-3,19,9HaQe0jOf4vw4CoPN0Hg1VRLPBA=,vGZW/2C6Ja/tDcB5A0YhznPBT9c=
-4,19,9HaQe0jOf4vw4CoPN0Hg1VRLPBA=,vGZW/2C6Ja/tDcB5A0YhznPBT9c=
-1,18,9HaQe0jOf4vw4CoPN0Hg1VRLPBA=,vGZW/2C6Ja/tDcB5A0YhznPBT9c=
-2,18,9HaQe0jOf4vw4CoPN0Hg1VRLPBA=,vGZW/2C6Ja/tDcB5A0YhznPBT9c=
-3,18,9HaQe0jOf4vw4CoPN0Hg1VRLPBA=,vGZW/2C6Ja/tDcB5A0YhznPBT9c=
-4,16,9HaQe0jOf4vw4CoPN0Hg1VRLPBA=,vGZW/2C6Ja/tDcB5A0YhznPBT9c=
-3,17,9HaQe0jOf4vw4CoPN0Hg1VRLPBA=,vGZW/2C6Ja/tDcB5A0YhznPBT9c=
-4,17,9HaQe0jOf4vw4CoPN0Hg1VRLPBA=,vGZW/2C6Ja/tDcB5A0YhznPBT9c=
-2,17,9HaQe0jOf4vw4CoPN0Hg1VRLPBA=,vGZW/2C6Ja/tDcB5A0YhznPBT9c=
-3,16,9HaQe0jOf4vw4CoPN0Hg1VRLPBA=,vGZW/2C6Ja/tDcB5A0YhznPBT9c=
-1,17,9HaQe0jOf4vw4CoPN0Hg1VRLPBA=,vGZW/2C6Ja/tDcB5A0YhznPBT9c=
-2,16,9HaQe0jOf4vw4CoPN0Hg1VRLPBA=,vGZW/2C6Ja/tDcB5A0YhznPBT9c=
-1,16,9HaQe0jOf4vw4CoPN0Hg1VRLPBA=,vGZW/2C6Ja/tDcB5A0YhznPBT9c=
