548,636,n3sV/Z7yMbMgbc8vsc1sm0Ofedw=,t7JHAZ7HSBsr3w0Je+702sHohRw=
551,632,n3sV/Z7yMbMgbc8vsc1sm0Ofedw=,t7JHAZ7HSBsr3w0Je+702sHohRw=
550,632,n3sV/Z7yMbMgbc8vsc1sm0Ofedw=,t7JHAZ7HSBsr3w0Je+702sHohRw=
547,636,n3sV/Z7yMbMgbc8vsc1sm0Ofedw=,t7JHAZ7HSBsr3w0Je+702sHohRw=
549,632,n3sV/Z7yMbMgbc8vsc1sm0Ofedw=,t7JHAZ7HSBsr3w0Je+702sHohRw=
548,632,n3sV/Z7yMbMgbc8vsc1sm0Ofedw=,t7JHAZ7HSBsr3w0Je+702sHohRw=
547,632,n3sV/Z7yMbMgbc8vsc1sm0Ofedw=,t7JHAZ7HSBsr3w0Je+702sHohRw=
551,635,n3sV/Z7yMbMgbc8vsc1sm0Ofedw=,t7JHAZ7HSBsr3w0Je+702sHohRw=
550,635,n3sV/Z7yMbMgbc8vsc1sm0Ofedw=,t7JHAZ7HSBsr3w0Je+702sHohRw=
551,633,n3sV/Z7yMbMgbc8vsc1sm0Ofedw=,t7JHAZ7HSBsr3w0Je+702sHohRw=
550,633,n3sV/Z7yMbMgbc8vsc1sm0Ofedw=,t7JHAZ7HSBsr3w0Je+702sHohRw=
549,633,n3sV/Z7yMbMgbc8vsc1sm0Ofedw=,t7JHAZ7HSBsr3w0Je+702sHohRw=
548,633,n3sV/Z7yMbMgbc8vsc1sm0Ofedw=,t7JHAZ7HSBsr3w0Je+702sHohRw=
549,635,n3sV/Z7yMbMgbc8vsc1sm0Ofedw=,t7JHAZ7HSBsr3w0Je+702sHohRw=
550,634,n3sV/Z7yMbMgbc8vsc1sm0Ofedw=,t7JHAZ7HSBsr3w0Je+702sHohRw=
551,634,n3sV/Z7yMbMgbc8vsc1sm0Ofedw=,t7JHAZ7HSBsr3w0Je+702sHohRw=
549,634,n3sV/Z7yMbMgbc8vsc1sm0Ofedw=,t7JHAZ7HSBsr3w0Je+702sHohRw=
548,635,n3sV/Z7yMbMgbc8vsc1sm0Ofedw=,t7JHAZ7HSBsr3w0Je+702sHohRw=
547,635,n3sV/Z7yMbMgbc8vsc1sm0Ofedw=,t7JHAZ7HSBsr3w0Je+702sHohRw=
548,634,n3sV/Z7yMbMgbc8vsc1sm0Ofedw=,t7JHAZ7HSBsr3w0Je+702sHohRw=
547,633,n3sV/Z7yMbMgbc8vsc1sm0Ofedw=,t7JHAZ7HSBsr3w0Je+702sHohRw=
547,634,n3sV/Z7yMbMgbc8vsc1sm0Ofedw=,t7JHAZ7HSBsr3w0Je+702sHohRw=
550,636,n3sV/Z7yMbMgbc8vsc1sm0Ofedw=,t7JHAZ7HSBsr3w0Je+702sHohRw=
551,636,n3sV/Z7yMbMgbc8vsc1sm0Ofedw=,t7JHAZ7HSBsr3w0Je+702sHohRw=
549,636,n3sV/Z7yMbMgbc8vsc1sm0Ofedw=,t7JHAZ7HSBsr3w0Je+702sHohRw=
546,634,n3sV/Z7yMbMgbc8vsc1sm0Ofedw=,t7JHAZ7HSBsr3w0Je+702sHohRw=
545,633,n3sV/Z7yMbMgbc8vsc1sm0Ofedw=,t7JHAZ7HSBsr3w0Je+702sHohRw=
546,633,n3sV/Z7yMbMgbc8vsc1sm0Ofedw=,t7JHAZ7HSBsr3w0Je+702sHohRw=
544,635,n3sV/Z7yMbMgbc8vsc1sm0Ofedw=,t7JHAZ7HSBsr3w0Je+702sHohRw=
545,635,n3sV/Z7yMbMgbc8vsc1sm0Ofedw=,t7JHAZ7HSBsr3w0Je+702sHohRw=
544,634,n3sV/Z7yMbMgbc8vsc1sm0Ofedw=,t7JHAZ7HSBsr3w0Je+702sHohRw=
545,634,n3sV/Z7yMbMgbc8vsc1sm0Ofedw=,t7JHAZ7HSBsr3w0Je+702sHohRw=
546,635,n3sV/Z7yMbMgbc8vsc1sm0Ofedw=,t7JHAZ7HSBsr3w0Je+702sHohRw=
544,632,n3sV/Z7yMbMgbc8vsc1sm0Ofedw=,t7JHAZ7HSBsr3w0Je+702sHohRw=
544,636,n3sV/Z7yMbMgbc8vsc1sm0Ofedw=,t7JHAZ7HSBsr3w0Je+702sHohRw=
545,632,n3sV/Z7yMbMgbc8vsc1sm0Ofedw=,t7JHAZ7HSBsr3w0Je+702sHohRw=
546,632,n3sV/Z7yMbMgbc8vsc1sm0Ofedw=,t7JHAZ7HSBsr3w0Je+702sHohRw=
545,636,n3sV/Z7yMbMgbc8vsc1sm0Ofedw=,t7JHAZ7HSBsr3w0Je+702sHohRw=
546,636,n3sV/Z7yMbMgbc8vsc1sm0Ofedw=,t7JHAZ7HSBsr3w0Je+702sHohRw=
547,637,n3sV/Z7yMbMgbc8vsc1sm0Ofedw=,t7JHAZ7HSBsr3w0Je+702sHohRw=
548,637,n3sV/Z7yMbMgbc8vsc1sm0Ofedw=,t7JHAZ7HSBsr3w0Je+702sHohRw=
544,633,n3sV/Z7yMbMgbc8vsc1sm0Ofedw=,t7JHAZ7HSBsr3w0Je+702sHohRw=
545,637,n3sV/Z7yMbMgbc8vsc1sm0Ofedw=,t7JHAZ7HSBsr3w0Je+702sHohRw=
546,637,n3sV/Z7yMbMgbc8vsc1sm0Ofedw=,t7JHAZ7HSBsr3w0Je+702sHohRw=
546,638,n3sV/Z7yMbMgbc8vsc1sm0Ofedw=,t7JHAZ7HSBsr3w0Je+702sHohRw=
545,638,n3sV/Z7yMbMgbc8vsc1sm0Ofedw=,t7JHAZ7HSBsr3w0Je+702sHohRw=
544,638,n3sV/Z7yMbMgbc8vsc1sm0Ofedw=,t7JHAZ7HSBsr3w0Je+702sHohRw=
551,639,n3sV/Z7yMbMgbc8vsc1sm0Ofedw=,t7JHAZ7HSBsr3w0Je+702sHohRw=
551,637,n3sV/Z7yMbMgbc8vsc1sm0Ofedw=,t7JHAZ7HSBsr3w0Je+702sHohRw=
550,639,n3sV/Z7yMbMgbc8vsc1sm0Ofedw=,t7JHAZ7HSBsr3w0Je+702sHohRw=
549,639,n3sV/Z7yMbMgbc8vsc1sm0Ofedw=,t7JHAZ7HSBsr3w0Je+702sHohRw=
548,639,n3sV/Z7yMbMgbc8vsc1sm0Ofedw=,t7JHAZ7HSBsr3w0Je+702sHohRw=
547,639,n3sV/Z7yMbMgbc8vsc1sm0Ofedw=,t7JHAZ7HSBsr3w0Je+702sHohRw=
544,639,n3sV/Z7yMbMgbc8vsc1sm0Ofedw=,t7JHAZ7HSBsr3w0Je+702sHohRw=
551,638,n3sV/Z7yMbMgbc8vsc1sm0Ofedw=,t7JHAZ7HSBsr3w0Je+702sHohRw=
549,637,n3sV/Z7yMbMgbc8vsc1sm0Ofedw=,t7JHAZ7HSBsr3w0Je+702sHohRw=
550,638,n3sV/Z7yMbMgbc8vsc1sm0Ofedw=,t7JHAZ7HSBsr3w0Je+702sHohRw=
550,637,n3sV/Z7yMbMgbc8vsc1sm0Ofedw=,t7JHAZ7HSBsr3w0Je+702sHohRw=
544,637,n3sV/Z7yMbMgbc8vsc1sm0Ofedw=,t7JHAZ7HSBsr3w0Je+702sHohRw=
549,638,n3sV/Z7yMbMgbc8vsc1sm0Ofedw=,t7JHAZ7HSBsr3w0Je+702sHohRw=
547,638,n3sV/Z7yMbMgbc8vsc1sm0Ofedw=,t7JHAZ7HSBsr3w0Je+702sHohRw=
548,638,n3sV/Z7yMbMgbc8vsc1sm0Ofedw=,t7JHAZ7HSBsr3w0Je+702sHohRw=
546,639,n3sV/Z7yMbMgbc8vsc1sm0Ofedw=,t7JHAZ7HSBsr3w0Je+702sHohRw=
545,639,n3sV/Z7yMbMgbc8vsc1sm0Ofedw=,t7JHAZ7HSBsr3w0Je+702sHohRw=
